2022-04-20,Electronic Funds Transfer PREAUTHORIZED DEBIT American Express,270.99,
2022-04-18,Electronic Funds Transfer PREAUTHORIZED DEBIT EQUITABLE BANK,1293.00,
2022-04-18,Internet Banking E-TRANSFER 104087173729 Juliette Cote,45.00,
2022-04-14,Electronic Funds Transfer PAY UBISOFT DIVERTISSEMENTS INC.,,1616.63
2022-04-12,Internet Banking E-TRANSFER 104084103130 Dave AirBnb,12.00,
2022-04-11,Electronic Funds Transfer PREAUTHORIZED DEBIT CIBC CARD PRODUCTS DIVISION,112.15,
2022-04-07,"Internet Banking INTERNET BILL PAY 000000109345 MASTERCARD, TANGERINE BAN",552.57,
2022-04-05,Electronic Funds Transfer DEPOSIT CANADA,,166.98
2022-04-04,Electronic Funds Transfer PREAUTHORIZED DEBIT EQUITABLE BANK,1293.00,
2022-04-01,Electronic Funds Transfer DEPOSIT EQUITABLE BANK,,564.00
2022-04-01,Electronic Funds Transfer PAY UBISOFT DIVERTISSEMENTS INC.,,1616.63
2022-03-31,Branch Transaction SERVICE CHARGE DISCOUNT,,8.20
2022-03-31,Branch Transaction SERVICE CHARGE ADD TXN$1.25;MONTHLY$6.95 RECORD-KEEPING N/A,8.20,
2022-03-30,Electronic Funds Transfer PREAUTHORIZED DEBIT American Express,563.38,
2022-03-28,Point of Sale - Interac RETAIL PURCHASE 254001001166 FRUITERIE 440 Q,16.60,
2022-03-28,Internet Banking E-TRANSFER 010483815133 ADEMAR PROTHON,,21.00
2022-03-21,Electronic Funds Transfer PREAUTHORIZED DEBIT EQUITABLE BANK,1293.00,
2022-03-21,Electronic Funds Transfer PREAUTHORIZED DEBIT American Express,1888.42,
2022-03-21,Point of Sale - Interac RETAIL PURCHASE 207816498065 ABRAHAM TAILLEU,28.00,
2022-03-21,Internet Banking E-TRANSFER 010457035972 MAHRUKH MAHRUKH,,500.00
2022-03-18,Internet Banking E-TRANSFER 010456566630 ADEMAR PROTHON,,26.00
2022-03-18,Electronic Funds Transfer PAY UBISOFT DIVERTISSEMENTS INC.,,1616.63
2022-03-16,Internet Banking E-TRANSFER 104057564019 Dave AirBnb,12.00,
2022-03-14,Electronic Funds Transfer PREAUTHORIZED DEBIT Shareowner Investments,300.00,
2022-03-14,Electronic Funds Transfer PREAUTHORIZED DEBIT CIBC CARD PRODUCTS DIVISION,0.01,
2022-03-14,Point of Sale - Interac RETAIL PURCHASE 261001001061 FRUITERIE 440 Q,21.91,
2022-03-14,Internet Banking E-TRANSFER 010476924267 REHAN AHMED KHAN,,590.00
2022-03-10,Electronic Funds Transfer DEPOSIT CANADA,,123.87
2022-03-08,Electronic Funds Transfer CREDIT MEMO UNIVERSITY OF WATERLOO,,125.00
2022-03-07,Electronic Funds Transfer PREAUTHORIZED DEBIT EQUITABLE BANK,198.00,
2022-03-07,Electronic Funds Transfer PREAUTHORIZED DEBIT EQUITABLE BANK,1095.00,
2022-03-07,"Internet Banking INTERNET BILL PAY 000000102108 MASTERCARD, TANGERINE BAN",110.07,
2022-03-07,Internet Banking E-TRANSFER 010473646613 JAVERIA KHAN,,23.00
2022-03-04,Electronic Funds Transfer PAY UBISOFT DIVERTISSEMENTS INC.,,1616.63
2022-03-01,Electronic Funds Transfer PREAUTHORIZED DEBIT EQUITABLE BANK,680.00,
2022-02-28,Branch Transaction SERVICE CHARGE DISCOUNT,,6.95
2022-02-28,Branch Transaction SERVICE CHARGE ADD TXN$0.00;MONTHLY$6.95 RECORD-KEEPING N/A,6.95,
2022-02-28,Point of Sale - Visa Debit VISA DEBIT RETAIL PURCHASE IMMIGRATION CAN 205919272917,630.00,
2022-02-28,Internet Banking E-TRANSFER 010469769267 HARRISON CHUN,,680.00
2022-02-25,Internet Banking E-TRANSFER 010467717479 Arshiya Mollazainali,,5.61
2022-02-24,Electronic Funds Transfer DEPOSIT TRANSFERWISE CANADA_____562CR,,85.00
2022-02-23,Point of Sale - Interac RETAIL PURCHASE 000001960004 COUCHETARD #102,27.29,
2022-02-22,Electronic Funds Transfer PREAUTHORIZED DEBIT EQUITABLE BANK,1095.00,
2022-02-18,Electronic Funds Transfer PREAUTHORIZED DEBIT EQUITABLE BANK,1500.00,
2022-02-18,Electronic Funds Transfer PAY UBISOFT DIVERTISSEMENTS INC.,,2957.08
2022-02-18,Internet Banking E-TRANSFER 010440861324 REHAN AHMED KHAN,,360.00
2022-02-17,Internet Banking INTERNET TRANSFER 000000126352,30.72,
2022-02-17,Internet Banking INTERNET TRANSFER 000000126246,407.88,
2022-02-16,"Internet Banking INTERNET BILL PAY 000000107551 MASTERCARD, TANGERINE BAN",345.48,
2022-02-15,Internet Banking E-TRANSFER 010463071399 Arshiya Mollazainali,,50.00
2022-02-11,Point of Sale - Interac RETAIL PURCHASE 476001001184 MONTAGNE DOREE,3.49,
2022-02-11,Point of Sale - Interac MDSE RETURN 000001383148 MAGASIN LATULIP,,275.88
2022-02-07,Electronic Funds Transfer PREAUTHORIZED DEBIT EQUITABLE BANK,1095.00,
2022-02-04,Electronic Funds Transfer DEPOSIT EQUITABLE BANK,,684.66
2022-02-04,Electronic Funds Transfer PAY UBISOFT DIVERTISSEMENTS INC.,,1369.15
2022-02-01,Point of Sale - Visa Debit VISA DEBIT RETAIL PURCHASE APPLE.COM/BILL 203272202674,1.43,
2022-01-31,Branch Transaction SERVICE CHARGE DISCOUNT,,9.45
2022-01-31,Branch Transaction SERVICE CHARGE ADD TXN$2.50;MONTHLY$6.95 RECORD-KEEPING N/A,9.45,
2022-01-31,Electronic Funds Transfer PREAUTHORIZED DEBIT 000000000000000 AMEX BANK OF CANADA,1578.82,
2022-01-31,Electronic Funds Transfer PREAUTHORIZED DEBIT American Express,578.82,
2022-01-31,Electronic Funds Transfer DEPOSIT PAYPAL,,69.00
2022-01-31,Internet Banking E-TRANSFER 010454802125 HARRISON CHUN,,680.00
2022-01-31,"Internet Banking INTERNET BILL PAY 000000238802 MASTERCARD, TANGERINE BAN",235.59,
2022-01-31,Internet Banking E-TRANSFER 010454526347 JAVERIA KHAN,,1.73
2022-01-31,Internet Banking E-TRANSFER 010431149240 JAVERIA KHAN,,26.00
2022-01-31,Internet Banking E-TRANSFER 010430825608 Arshiya Mollazainali,,30.50
2022-01-27,Internet Banking E-TRANSFER 104013526830 Michel,10.00,
2022-01-24,Electronic Funds Transfer PREAUTHORIZED DEBIT EQUITABLE BANK,660.00,
2022-01-24,Point of Sale - Interac RETAIL PURCHASE 134001001202 FRUITERIE 440 Q,0.99,
2022-01-21,Electronic Funds Transfer PAY UBISOFT DIVERTISSEMENTS INC.,,776.10
2022-01-20,Electronic Funds Transfer PREAUTHORIZED DEBIT American Express,1000.00,
2022-01-19,Internet Banking E-TRANSFER 104006320546 Michel,5.00,
2022-01-17,Electronic Funds Transfer DEPOSIT PAYPAL,,40.00
2022-01-17,Internet Banking E-TRANSFER 010424321798 ADNAN KHAN,,60.00
2022-01-14,Internet Banking INTERNET TRANSFER 000000239757,21.64,
2022-01-13,Internet Banking E-TRANSFER 010446024399 REHAN AHMED KHAN,,60.00
2022-01-13,Electronic Funds Transfer DEPOSIT SUNLIFE MED INS,,139.30
2022-01-10,Point of Sale - Interac RETAIL PURCHASE 000001905297 MARCHE LABEL TE,82.49,
2022-01-10,Point of Sale - Interac RETAIL PURCHASE 297001001107 FRUITERIE 440 Q,30.47,
2022-01-10,Point of Sale - Interac RETAIL PURCHASE 274970207562 SQ *TAXI TAXI,32.95,
2022-01-07,Internet Banking E-TRANSFER 010443427765 MAHRUKH MAHRUKH,,500.00
2022-01-07,Internet Banking E-TRANSFER 010420001120 CONNOR BUCK-O'NEILL,,10.43
2022-01-07,Internet Banking E-TRANSFER 010420091560 SHENGAN LI,,2.54
2022-01-07,"Internet Banking INTERNET BILL PAY 000000245781 MASTERCARD, TANGERINE BAN",179.05,
2022-01-05,Electronic Funds Transfer DEPOSIT CANADA,,166.96
2022-01-04,Internet Banking E-TRANSFER 010417897434 HARRISON CHUN,,680.00
2022-01-04,Point of Sale - Visa Debit VISA DEBIT RETAIL PURCHASE APPLE.COM/BILL 200172410717,1.43,
2021-12-31,Branch Transaction SERVICE CHARGE DISCOUNT,,6.95
2021-12-31,Branch Transaction SERVICE CHARGE ADD TXN$0.00;MONTHLY$6.95 RECORD-KEEPING N/A,6.95,
2021-12-31,Electronic Funds Transfer DEPOSIT EQUITABLE BANK,,500.00
2021-12-31,Internet Banking E-TRANSFER 010416488294 JAVERIA KHAN,,24.00
2021-12-30,Telephone Banking Personal TELEPHONE TRANSFER000000581590,,636.73
2021-12-30,"Internet Banking INTERNET BILL PAY 000000210235 MASTERCARD, TANGERINE BAN",43.00,
2021-12-29,"Internet Banking INTERNET BILL PAY 000000213007 MASTERCARD, TANGERINE BAN",271.43,
2021-12-20,"Internet Banking INTERNET BILL PAY 000000212448 MASTERCARD, TANGERINE BAN",250.00,
2021-12-20,Internet Banking E-TRANSFER 010433788113 CONNOR BUCK-O'NEILL,,10.43
2021-12-16,Internet Banking E-TRANSFER 010409467622 CONNOR BUCK-O'NEILL,,33.78
2021-12-16,Internet Banking INTERNET TRANSFER 000000241580,171.07,
2021-12-14,Internet Banking E-TRANSFER 010407913468 SHENGAN LI,,33.73
2021-12-06,Internet Banking E-TRANSFER 103967348959 Christopher Attai,40.00,
2021-12-06,Internet Banking E-TRANSFER 010426509073 DUNCAN E STEVENSON,,20.00
2021-12-03,Internet Banking INTERNET TRANSFER 000000278402,70.63,
2021-12-02,Internet Banking E-TRANSFER 010424503319 SHENGAN LI,,57.07
2021-12-01,Point of Sale - Visa Debit VISA DEBIT RETAIL PURCHASE APPLE.COM/BILL 133574692489,39.59,
2021-12-01,Internet Banking E-TRANSFER 010400986254 CONNOR BUCK-O'NEILL,,49.47
2021-11-30,Branch Transaction SERVICE CHARGE DISCOUNT,,13.20
2021-11-30,Branch Transaction SERVICE CHARGE ADD TXN$6.25;MONTHLY$6.95 RECORD-KEEPING N/A,13.20,
2021-11-29,"Internet Banking INTERNET BILL PAY 000000251081 MASTERCARD, TANGERINE BAN",120.63,
2021-11-29,Internet Banking E-TRANSFER 010399613426 JAVERIA KHAN,,12.00
2021-11-29,Internet Banking E-TRANSFER 103959789353 Javeria Khan,12.00,
2021-11-25,Electronic Funds Transfer PREAUTHORIZED DEBIT WEALTHSIMPLE PAYMENTS INC,5.00,
2021-11-25,Electronic Funds Transfer PREAUTHORIZED DEBIT WEALTHSIMPLE PAYMENTS INC,2.00,
2021-11-23,Electronic Funds Transfer PREAUTHORIZED DEBIT 000000000000000 CAMPUS LIVING CNTR,680.00,
2021-11-23,Electronic Funds Transfer DEPOSIT EQUITABLE BANK,,680.00
2021-11-18,Internet Banking E-TRANSFER 103950237612 Connor Buck-ONeill,19.72,
2021-11-17,Electronic Funds Transfer PREAUTHORIZED DEBIT Shareowner Investments,4.00,
2021-11-16,Electronic Funds Transfer PREAUTHORIZED DEBIT Shareowner Investments,8.00,
2021-11-15,Internet Banking INTERNET TRANSFER 000000249766,0.62,
2021-11-15,Internet Banking E-TRANSFER 103946290141 Duncan Stevenson,15.21,
2021-11-15,Internet Banking E-TRANSFER 103946214064 Christopher Attai,13.00,
2021-11-12,Electronic Funds Transfer PREAUTHORIZED DEBIT Shareowner Investments,1.00,
2021-11-08,Electronic Funds Transfer PREAUTHORIZED DEBIT Shareowner Investments,3.00,
2021-11-08,Electronic Funds Transfer PREAUTHORIZED DEBIT WEALTHSIMPLE PAYMENTS INC,7.90,
2021-11-08,Internet Banking E-TRANSFER 010388936340 DUNCAN E STEVENSON,,37.47
2021-11-08,Internet Banking E-TRANSFER 010388958206 CONNOR BUCK-O'NEILL,,25.24
2021-11-02,Electronic Funds Transfer PREAUTHORIZED DEBIT EQUITABLE BANK,1140.00,
2021-11-02,Electronic Funds Transfer DEPOSIT EQUITABLE BANK,,753.97
2021-11-02,Electronic Funds Transfer DEPOSIT EQUITABLE BANK,,62.02
2021-11-02,Electronic Funds Transfer DEPOSIT EQUITABLE BANK,,433.31
2021-11-01,Internet Banking E-TRANSFER 010386013858 HARRISON CHUN,,920.00
2021-11-01,"Internet Banking INTERNET BILL PAY 000000218912 MASTERCARD, TANGERINE BAN",379.63,
2021-11-01,Internet Banking INTERNET TRANSFER 000000230635,793.54,
2021-11-01,Internet Banking E-TRANSFER 010384722488 DUNCAN E STEVENSON,,81.31
2021-11-01,Internet Banking E-TRANSFER 010384558764 SHENGAN LI,,29.00
2021-11-01,Internet Banking E-TRANSFER 010406261663 CONNOR BUCK-O'NEILL,,34.36
2021-10-29,Branch Transaction SERVICE CHARGE DISCOUNT,,6.95
2021-10-29,Branch Transaction SERVICE CHARGE ADD TXN$0.00;MONTHLY$6.95 RECORD-KEEPING N/A,6.95,
2021-10-29,Point of Sale - Visa Debit VISA DEBIT RETAIL PURCHASE UBER CANADA 130219498514,12.24,
2021-10-29,Internet Banking INTERNET TRANSFER 000000222438,200.00,
2021-10-29,"Internet Banking INTERNET BILL PAY 000000219973 MASTERCARD, TANGERINE BAN",300.00,
2021-10-27,Internet Banking E-TRANSFER 010404458357 HARRISON CHUN,,240.00
2021-10-25,Internet Banking INTERNET TRANSFER 000000240665,0.03,
2021-10-25,Internet Banking INTERNET TRANSFER 000000231432,274.64,
2021-10-25,Internet Banking E-TRANSFER 010403261949 REHAN AHMED KHAN,,1200.00
2021-10-25,Internet Banking E-TRANSFER 010381209496 REHAN AHMED KHAN,,2000.00
2021-10-25,Point of Sale - Visa Debit VISA DEBIT RETAIL PURCHASE UBER CANADA 129623375926,13.94,
2021-10-18,Internet Banking E-TRANSFER 010399320641 Zixuan Zhang,,9.69
2021-10-15,Internet Banking E-TRANSFER 010376346370 MAHRUKH MAHRUKH,,50.00
2021-10-15,Point of Sale - Visa Debit VISA DEBIT RETAIL PURCHASE UBER CANADA 128816194625,15.33,
2021-10-14,Internet Banking INTERNET TRANSFER 000000231655,3000.00,
2021-10-12,Internet Banking INTERNET TRANSFER 000000225003,6.32,
2021-10-05,Electronic Funds Transfer DEPOSIT CANADA,,166.96
2021-10-01,Electronic Funds Transfer PREAUTHORIZED DEBIT Shareowner Investments,100.00,
2021-10-01,Internet Banking E-TRANSFER 010368899212 CONNOR BUCK-O'NEILL,,32.12
2021-10-01,Internet Banking E-TRANSFER 010368877854 DUNCAN E STEVENSON,,13.16
2021-10-01,Internet Banking INTERNET TRANSFER 000000280825,500.00,
2021-09-29,Branch Transaction SERVICE CHARGE DISCOUNT,,13.20
2021-09-29,Branch Transaction SERVICE CHARGE ADD TXN$6.25;MONTHLY$6.95 RECORD-KEEPING N/A,13.20,
2021-09-29,Internet Banking E-TRANSFER 103903513857 James Li,32.21,
2021-09-29,"Internet Banking INTERNET BILL PAY 000000289696 MASTERCARD, TANGERINE BAN",200.00,
2021-09-27,Electronic Funds Transfer PREAUTHORIZED DEBIT WEALTHSIMPLE PAYMENTS INC,10.00,
2021-09-21,Internet Banking E-TRANSFER 010386930485 SHENGAN LI,,40.00
2021-09-20,Electronic Funds Transfer PREAUTHORIZED DEBIT WEALTHSIMPLE PAYMENTS INC,10.00,
2021-09-20,Internet Banking E-TRANSFER 103896022262 One-time contact surya,200.00,
2021-09-20,Point of Sale - Interac RETAIL PURCHASE 000092052438 NEIGHBOURS MARK,2.59,
2021-09-20,Internet Banking E-TRANSFER 010363408224 ADNAN KHAN,,60.00
2021-09-20,Internet Banking E-TRANSFER 010385541209 CONNOR BUCK-O'NEILL,,40.07
2021-09-20,Internet Banking E-TRANSFER 010385593129 DUNCAN E STEVENSON,,40.07
2021-09-20,Internet Banking E-TRANSFER 010385564171 CONNOR BUCK-O'NEILL,,100.07
2021-09-16,Electronic Funds Transfer PREAUTHORIZED DEBIT Shareowner Investments,100.00,
2021-09-16,Internet Banking E-TRANSFER 010383781013 DUNCAN E STEVENSON,,4.00
2021-09-14,"Internet Banking INTERNET BILL PAY 000000274115 MASTERCARD, TANGERINE BAN",300.00,
2021-09-13,Internet Banking E-TRANSFER 010382632421 SHENGAN LI,,77.06
2021-09-13,Internet Banking E-TRANSFER 010360159632 DUNCAN E STEVENSON,,77.06
2021-09-13,Internet Banking E-TRANSFER 103888942274 Duncan Stevenson,11.25,
2021-09-09,"Internet Banking INTERNET BILL PAY 000000261231 MASTERCARD, TANGERINE BAN",200.00,
2021-09-08,Internet Banking E-TRANSFER 010380061477 MAHRUKH MAHRUKH,,300.00
2021-09-07,Internet Banking E-TRANSFER 103884506334 Christopher Attai,210.00,
2021-09-07,Internet Banking E-TRANSFER 103882310643 One-time contact,30.00,
2021-09-07,Internet Banking E-TRANSFER 103882127739 One-time contact Dragos C,5.00,
2021-09-07,Internet Banking INTERNET TRANSFER 000000268327,200.00,
2021-09-03,Point of Sale - Interac RETAIL PURCHASE 000001030169 MUSLIM SOCIETY,10.00,
2021-09-03,Internet Banking INTERNET TRANSFER 000000280763,222.00,
2021-09-02,Electronic Funds Transfer PREAUTHORIZED DEBIT Shareowner Investments,100.00,
2021-09-02,Electronic Funds Transfer DEPOSIT EQUITABLE BANK,,222.00
2021-09-02,Electronic Funds Transfer PAY Fetherstonhaugh LP CPT,,1206.80
2021-08-31,Branch Transaction SERVICE CHARGE DISCOUNT,,9.45
2021-08-31,Branch Transaction SERVICE CHARGE ADD TXN$2.50;MONTHLY$6.95 RECORD-KEEPING N/A,9.45,
2021-08-30,"Internet Banking INTERNET BILL PAY 000000276947 MASTERCARD, TANGERINE BAN",192.42,
2021-08-30,Internet Banking E-TRANSFER 010375321427 MOHAMMED ABDALLAH,,212.61
2021-08-30,Electronic Funds Transfer DEPOSIT CANADA,,201.52
2021-08-27,Point of Sale - Interac RETAIL PURCHASE 123912925900 SHAWERMA PLUS,18.08,
2021-08-24,Automated Banking Machine ATM WITHDRAWAL NON BRANCH 3B15,200.00,
2021-08-23,Electronic Funds Transfer PREAUTHORIZED DEBIT EQUITABLE BANK,1000.00,
2021-08-23,Electronic Funds Transfer DEPOSIT SUNLIFE MED INS,,92.00
2021-08-20,Internet Banking INTERNET TRANSFER 000000213182,222.81,
2021-08-19,Electronic Funds Transfer PREAUTHORIZED DEBIT Shareowner Investments,100.00,
2021-08-19,Internet Banking E-TRANSFER 010370430813 MR DANIEL JAMES PETER HEN,,65.54
2021-08-19,Electronic Funds Transfer PAY Fetherstonhaugh LP CPT,,1330.38
2021-08-16,Internet Banking E-TRANSFER 103863119866 Connor Buck-ONeill,16.45,
2021-08-13,Electronic Funds Transfer PAY University of Waterloo,,15.35
2021-08-11,Internet Banking E-TRANSFER 010344302266 CONNOR BUCK-O'NEILL,,65.54
2021-08-09,Electronic Funds Transfer PREAUTHORIZED DEBIT EQUITABLE BANK,1000.00,
2021-08-09,"Internet Banking INTERNET BILL PAY 000000248079 MASTERCARD, TANGERINE BAN",284.81,
2021-08-09,Point of Sale - Interac RETAIL PURCHASE 121920650440 SHAWERMA PLUS,11.29,
2021-08-06,Internet Banking E-TRANSFER 010364184157 REHAN AHMED KHAN,,1300.00
2021-08-05,Electronic Funds Transfer PAY Fetherstonhaugh LP CPT,,1330.38
2021-08-05,Electronic Funds Transfer DEPOSIT CANADA,,87.25
2021-08-04,Internet Banking INTERNET TRANSFER 000000247033,1297.59,
2021-08-03,"Internet Banking INTERNET BILL PAY 000000244799 MASTERCARD, TANGERINE BAN",262.16,
2021-08-03,Point of Sale - Interac RETAIL PURCHASE 000001415029 CAMPUS CONVENIE,2.00,
2021-08-03,Point of Sale - Interac RETAIL PURCHASE 000001021322 LIVE SWITCHBOAR,1.90,
2021-07-30,Branch Transaction SERVICE CHARGE DISCOUNT,,6.95
2021-07-30,Branch Transaction SERVICE CHARGE ADD TXN$0.00;MONTHLY$6.95 RECORD-KEEPING N/A,6.95,
2021-07-30,Point of Sale - Interac RETAIL PURCHASE 121114931842 SHAWERMA PLUS,11.29,
2021-07-29,Internet Banking INTERNET TRANSFER 000000276470,33.90,
2021-07-28,"Internet Banking INTERNET BILL PAY 000000268528 MASTERCARD, TANGERINE BAN",100.00,
2021-07-26,Electronic Funds Transfer PREAUTHORIZED DEBIT EQUITABLE BANK,1000.00,
2021-07-26,Internet Banking E-TRANSFER 010335064900 MAHRUKH MAHRUKH,,20.00
2021-07-23,Point of Sale - Interac RETAIL PURCHASE 120417500617 STARBUCKS #0430,6.72,
2021-07-22,Electronic Funds Transfer PAY Fetherstonhaugh LP CPT,,1330.38
2021-07-22,Internet Banking E-TRANSFER 010356751035 CONNOR GOGUEN,,100.00
2021-07-21,Internet Banking INTERNET TRANSFER 000000219664,22.68,
2021-07-15,"Internet Banking INTERNET BILL PAY 000000244703 MASTERCARD, TANGERINE BAN",674.70,
2021-07-15,Internet Banking E-TRANSFER 010353403657 MOHAMMED ABDALLAH,,381.00
2021-07-15,Internet Banking E-TRANSFER 010330767140 CONNOR BUCK-O'NEILL,,190.50
2021-07-12,Electronic Funds Transfer PREAUTHORIZED DEBIT EQUITABLE BANK,1000.00,
2021-07-12,Internet Banking E-TRANSFER 103832291366 Mohammad Abdallah,22.00,
2021-07-09,"Internet Banking INTERNET BILL PAY 000000267817 MASTERCARD, TANGERINE BAN",378.92,
2021-07-08,Electronic Funds Transfer PAY Fetherstonhaugh LP CPT,,1330.38
2021-07-07,Internet Banking INTERNET TRANSFER 000000266279,82.60,
2021-07-06,Internet Banking E-TRANSFER 010326580918 MOHAMMED ABDALLAH,,45.00
2021-07-05,Internet Banking INTERNET TRANSFER 000000266816,206.54,
2021-07-05,Electronic Funds Transfer DEPOSIT CANADA,,79.71
2021-06-30,Branch Transaction SERVICE CHARGE DISCOUNT,,11.20
2021-06-30,Branch Transaction SERVICE CHARGE ADD TXN$6.25;MONTHLY$4.95 RECORD-KEEPING N/A,11.20,
2021-06-30,Electronic Funds Transfer DEPOSIT EQUITABLE BANK,,1000.00
2021-06-30,"Internet Banking INTERNET BILL PAY 000000266802 MASTERCARD, TANGERINE BAN",285.70,
2021-06-28,Electronic Funds Transfer PREAUTHORIZED DEBIT EQUITABLE BANK,1000.00,
2021-06-28,Internet Banking E-TRANSFER 103820504275 Mohammad Abdallah,6.00,
2021-06-25,Electronic Funds Transfer PREAUTHORIZED DEBIT EQUITABLE BANK,1000.00,
2021-06-24,Electronic Funds Transfer PAY Fetherstonhaugh LP CPT,,1330.38
2021-06-24,Internet Banking E-TRANSFER 103817229065 Dominique Brooks,50.00,
2021-06-23,Internet Banking E-TRANSFER 103816606537 Mohammad Abdallah,7.00,
2021-06-21,Internet Banking INTERNET TRANSFER 000000220507,289.14,
2021-06-17,Point of Sale - Visa Debit VISA DEBIT RETAIL PURCHASE NETFLIX.COM 116894201774,15.89,
2021-06-14,Electronic Funds Transfer PREAUTHORIZED DEBIT EQUITABLE BANK,1000.00,
2021-06-14,Point of Sale - Visa Debit INTL VISA DEB RETAIL PURCHASE Spotify 116500279626 5.29 CAD @ 1.000000,5.29,
2021-06-14,Point of Sale - Interac RETAIL PURCHASE 116213084527 SHAWERMA PLUS,18.08,
2021-06-11,Internet Banking E-TRANSFER 103806479923 Mohammad Abdallah,5.00,
2021-06-10,Electronic Funds Transfer PAY Fetherstonhaugh LP CPT,,1330.38
2021-06-10,Point of Sale - Interac RETAIL PURCHASE 116019284966 RMOW GRT (TVM),20.00,
2021-06-09,"Internet Banking INTERNET BILL PAY 000000249071 MASTERCARD, TANGERINE BAN",271.50,
2021-06-09,Point of Sale - Interac RETAIL PURCHASE 115920012772 SHAWERMA PLUS,11.29,
2021-06-09,Internet Banking E-TRANSFER 103803915026 kelvin,360.00,
2021-06-07,Internet Banking E-TRANSFER 103802072218 Mohammad Abdallah,15.00,
2021-05-31,Branch Transaction SERVICE CHARGE DISCOUNT,,4.95
2021-05-31,Branch Transaction SERVICE CHARGE ADD TXN$0.00;MONTHLY$4.95 RECORD-KEEPING N/A,4.95,
2021-05-28,Electronic Funds Transfer PREAUTHORIZED DEBIT EQUITABLE BANK,1000.00,
2021-05-27,Electronic Funds Transfer PAY Fetherstonhaugh LP CPT,,1330.38
2021-05-26,Internet Banking E-TRANSFER 010328126505 ADNAN KHAN,,50.00
2021-05-26,Internet Banking E-TRANSFER 103789957080 Daddy,1000.00,
2021-05-25,Electronic Funds Transfer PREAUTHORIZED DEBIT Shareowner Investments,100.00,
2021-05-25,Internet Banking E-TRANSFER 010327158493 REHAN AHMED KHAN,,1000.00
2021-05-21,Internet Banking INTERNET TRANSFER 000000242846,103.99,
2021-05-17,Electronic Funds Transfer PREAUTHORIZED DEBIT Shareowner Investments,200.00,
2021-05-17,Point of Sale - Visa Debit VISA DEBIT RETAIL PURCHASE NETFLIX.COM 113709302753,15.89,
2021-05-14,Electronic Funds Transfer PREAUTHORIZED DEBIT EQUITABLE BANK,1000.00,
2021-05-14,Internet Banking E-TRANSFER 010299659644 REHAN AHMED KHAN,,50.00
2021-05-14,Point of Sale - Visa Debit INTL VISA DEB RETAIL PURCHASE Spotify P14CEBB 113400401197 5.29 CAD @ 1.000000,5.29,
2021-05-13,Electronic Funds Transfer PAY Fetherstonhaugh LP CPT,,1198.06
2021-05-11,Point of Sale - Visa Debit VISA DEBIT RETAIL PURCHASE PAYPAL *ISLAMIC 113117501118,20.00,
2021-05-10,Internet Banking INTERNET TRANSFER 000000243106,20.00,
2021-05-10,"Internet Banking INTERNET BILL PAY 000000211085 MASTERCARD, TANGERINE BAN",80.43,
2021-05-10,Electronic Funds Transfer DEPOSIT CANADA,,52.17
2021-05-07,Electronic Funds Transfer DEPOSIT Shareowner Investments,,470.00
2021-05-05,Electronic Funds Transfer PREAUTHORIZED DEBIT Shareowner Investments,250.00,
2021-04-30,Branch Transaction SERVICE CHARGE DISCOUNT,,4.95
2021-04-30,Branch Transaction SERVICE CHARGE ADD TXN$0.00;MONTHLY$4.95 RECORD-KEEPING N/A,4.95,
2021-04-28,"Internet Banking INTERNET BILL PAY 000000264597 MASTERCARD, TANGERINE BAN",81.84,
2021-04-28,Internet Banking INTERNET TRANSFER 000000264593,39.40,
2021-04-27,Internet Banking E-TRANSFER 103748336413 Mohammad Abdallah,151.00,
2021-04-26,Electronic Funds Transfer DEPOSIT Shareowner Investments,,55.96
2021-04-26,Point of Sale - Visa Debit VISA DEBIT PURCHASE REVERSAL STAPLES.CA 211607003924,,316.39
2021-04-21,Internet Banking INTERNET TRANSFER 000000272261,108.12,
2021-04-21,"Internet Banking INTERNET BILL PAY 000000261879 MASTERCARD, TANGERINE BAN",6.98,
2021-04-19,Point of Sale - Visa Debit VISA DEBIT RETAIL PURCHASE NETFLIX.COM 110710292507,15.89,
2021-04-16,Electronic Funds Transfer DEPOSIT Shareowner Investments,,48.62
2021-04-14,"Internet Banking INTERNET BILL PAY 000000259554 MASTERCARD, TANGERINE BAN",1.00,
2021-04-14,Point of Sale - Visa Debit INTL VISA DEB RETAIL PURCHASE Spotify P1458BB 110400107191 5.29 CAD @ 1.000000,5.29,
2021-04-13,Point of Sale - Visa Debit VISA DEBIT PURCHASE REVERSAL HARRYS 888-212- 210307008698,,31.36
2021-04-09,Internet Banking INTERNET TRANSFER 000000258845,156.99,
2021-04-09,Internet Banking E-TRANSFER 010280409392 CONNOR BUCK-O'NEILL,,5.70
2021-04-08,Point of Sale - Visa Debit INTL VISA DEB RETAIL PURCHASE HARRYS 888-212- 109805270680 31.36 CAD @ 1.000000,31.36,
2021-04-05,Electronic Funds Transfer DEPOSIT EQUITABLE BANK,,780.00
2021-04-01,Internet Banking E-TRANSFER 103644609886 King Street Towers,780.00,
2021-03-31,Branch Transaction SERVICE CHARGE DISCOUNT,,7.45
2021-03-31,Branch Transaction SERVICE CHARGE ADD TXN$2.50;MONTHLY$4.95 RECORD-KEEPING N/A,7.45,
2021-03-29,Internet Banking E-TRANSFER 010274950874 CONNOR BUCK-O'NEILL,,17.55
2021-03-29,Internet Banking INTERNET TRANSFER 000000263753,89.43,
2021-03-29,Point of Sale - Interac RETAIL PURCHASE 108522446636 MARBLE SLAB CRE,6.70,
2021-03-25,Internet Banking INTERNET TRANSFER 000000276962,111.85,
2021-03-25,Electronic Funds Transfer DEPOSIT SUNLIFE MED INS,,225.00
2021-03-19,Internet Banking E-TRANSFER 010269790244 JAVERIA KHAN,,28.04
2021-03-19,Point of Sale - Interac RETAIL PURCHASE 107719372361 SHAWERMA PLUS,10.00,
2021-03-18,Internet Banking INTERNET TRANSFER 000000245368,104.57,
2021-03-17,Point of Sale - Visa Debit VISA DEBIT RETAIL PURCHASE NETFLIX.COM 107609323407,15.89,
2021-03-16,Internet Banking E-TRANSFER 010268728712 CONNOR BUCK-O'NEILL,,52.51
2021-03-16,Internet Banking E-TRANSFER 103578439079 Javeria Khan,36.00,
2021-03-16,Internet Banking E-TRANSFER 010268552584 JAVERIA KHAN,,36.00
2021-03-16,Internet Banking E-TRANSFER 103578162507 Daddy,66.16,
2021-03-15,Electronic Funds Transfer NETWORK TRANSACTION FEE ATM-CANADA/GAB-CANADA,2.00,
2021-03-15,Point of Sale - Visa Debit INTL VISA DEB RETAIL PURCHASE Spotify P13DF07 107300106110 5.29 CAD @ 1.000000,5.29,
2021-03-15,Automated Banking Machine ATM WITHDRAWAL INTERAC/TNS SCD 1127,20.00,
2021-03-12,Point of Sale - Interac RETAIL PURCHASE 107111222014 RMOW GRT (TVM),10.00,
2021-03-12,Internet Banking INTERNET TRANSFER 000000224779,201.12,
2021-03-10,Electronic Funds Transfer DEPOSIT PAYPAL,,66.16
2021-03-08,Point of Sale - Interac RETAIL PURCHASE 267001001004 HOTPOT NOODLES,13.40,
2021-03-04,Point of Sale - Interac RETAIL PURCHASE 106212277620 SHAWERMA PLUS,16.95,
2021-03-04,Electronic Funds Transfer DEPOSIT CANADA,,996.83
2021-02-26,Branch Transaction SERVICE CHARGE DISCOUNT,,6.20
2021-02-26,Branch Transaction SERVICE CHARGE ADD TXN$1.25;MONTHLY$4.95 RECORD-KEEPING N/A,6.20,
2021-02-26,Internet Banking INTERNET TRANSFER 000000218765,199.01,
2021-02-26,Internet Banking E-TRANSFER 010281515487 LAUREN KORODY,,70.00
2021-02-23,Point of Sale - Visa Debit VISA DEBIT RETAIL PURCHASE STAPLES.CA 105422219542,316.39,
2021-02-22,Point of Sale - Visa Debit VISA DEBIT RETAIL PURCHASE AMZN Mktp CA 105143374908,24.96,
2021-02-22,Point of Sale - Visa Debit INTL VISA DEB RETAIL PURCHASE Amazon.ca 105127823540 3.70 CAD @ 1.000000,3.70,
2021-02-19,Point of Sale - Interac MDSE RETURN 000003300919 CAMPUS EYES,,41.00
2021-02-19,Point of Sale - Visa Debit VISA DEBIT RETAIL PURCHASE Dollar Shave Cl 105001310512,11.86,
2021-02-17,Point of Sale - Interac RETAIL PURCHASE 000003300911 CAMPUS EYES,450.00,
2021-02-17,Point of Sale - Visa Debit VISA DEBIT RETAIL PURCHASE NETFLIX.COM 104892867429,15.89,
2021-02-17,Internet Banking E-TRANSFER 103468274747 George Bobotsis,17.00,
2021-02-16,Internet Banking INTERNET TRANSFER 000000211924,100.00,
2021-02-16,Point of Sale - Visa Debit VISA DEBIT RETAIL PURCHASE TRANSIT* GO TRA 104501451208,10.00,
2021-02-16,Point of Sale - Visa Debit INTL VISA DEB RETAIL PURCHASE Spotify P136DDD 104500393300 5.29 CAD @ 1.000000,5.29,
2021-02-16,Point of Sale - Interac RETAIL PURCHASE 000001001929 LAZEEZ SHAWARMA,11.29,
2021-02-11,Internet Banking E-TRANSFER 010274365143 DUNCAN E STEVENSON,,11.15
2021-02-05,Point of Sale - Visa Debit VISA DEBIT RETAIL PURCHASE SKIPTHEDISHES 103602336388,36.30,
2021-01-29,Branch Transaction SERVICE CHARGE DISCOUNT,,7.45
2021-01-29,Branch Transaction SERVICE CHARGE ADD TXN$2.50;MONTHLY$4.95 RECORD-KEEPING N/A,7.45,
2021-01-28,Electronic Funds Transfer PREAUTHORIZED DEBIT Shareowner Investments,500.00,
2021-01-28,Electronic Funds Transfer PREAUTHORIZED DEBIT Shareowner Investments,56.94,
2021-01-28,Internet Banking E-TRANSFER 010247089762 SYED IJLAL AHMED,,185.00
2021-01-28,Internet Banking E-TRANSFER 103388553589 Danyal Khan,,56.94
2021-01-26,Electronic Funds Transfer PREAUTHORIZED DEBIT Shareowner Investments,200.00,
2021-01-25,Point of Sale - Interac RETAIL PURCHASE 000078060165 FARAH'S FOODMAR,6.77,
2021-01-22,Internet Banking INTERNET TRANSFER 000000281752,64.71,
2021-01-20,Electronic Funds Transfer PREAUTHORIZED DEBIT Shareowner Investments,150.00,
2021-01-20,Electronic Funds Transfer DEPOSIT Shareowner Investments,,150.00
2021-01-19,Point of Sale - Visa Debit VISA DEBIT PURCHASE REVERSAL Amazon.ca Prime 201909011651,,4.51
2021-01-18,Point of Sale - Visa Debit VISA DEBIT RETAIL PURCHASE NETFLIX.COM 101794318344,15.89,
2021-01-14,Point of Sale - Visa Debit VISA DEBIT RETAIL PURCHASE Amazon.ca Prime 101433584369,4.51,
2021-01-13,Point of Sale - Visa Debit INTL VISA DEB RETAIL PURCHASE Amazon.ca 101318884976 58.75 CAD @ 1.000000,58.75,
2021-01-08,Point of Sale - Interac RETAIL PURCHASE 000001001253 LAZEEZ SHAWARMA,11.29,
2021-01-08,Point of Sale - Interac RETAIL PURCHASE 000001001252 LAZEEZ SHAWARMA,9.03,
2021-01-08,Point of Sale - Interac RETAIL PURCHASE 000078056654 FARAH'S FOODMAR,11.29,
2021-01-07,Point of Sale - Interac RETAIL PURCHASE 000001917096 TIM HORTONS T1,3.11,
2021-01-07,Internet Banking E-TRANSFER 010257199767 REHAN KHAN,,1000.00
2021-01-05,Electronic Funds Transfer PREAUTHORIZED DEBIT Shareowner Investments,250.00,
2021-01-04,Electronic Funds Transfer PREAUTHORIZED DEBIT Shareowner Investments,200.00,
2020-12-31,Branch Transaction SERVICE CHARGE DISCOUNT,,12.45
2020-12-31,Branch Transaction SERVICE CHARGE ADD TXN$7.50;MONTHLY$4.95 RECORD-KEEPING N/A,12.45,
2020-12-31,Internet Banking INTERNET TRANSFER 000000257056,123.00,
2020-12-30,Electronic Funds Transfer PREAUTHORIZED DEBIT Shareowner Investments,17.00,
2020-12-30,Point of Sale - Visa Debit VISA DEBIT RETAIL PURCHASE AMZN Mktp CA 036532964385,16.29,
2020-12-30,Point of Sale - Visa Debit VISA DEBIT RETAIL PURCHASE AMZN Mktp CA 036541638999,11.95,
2020-12-24,Point of Sale - Interac RETAIL PURCHASE 000001001914 PASSION SALON,21.00,
2020-12-24,Point of Sale - Visa Debit VISA DEBIT RETAIL PURCHASE SKIPTHEDISHES 035902523100,44.91,
2020-12-23,Point of Sale - Visa Debit INTL VISA DEB RETAIL PURCHASE DISNEY PLUS 035822558375 8.99 CAD @ 1.000000,8.99,
2020-12-21,Electronic Funds Transfer DEPOSIT Shareowner Investments,,660.00
2020-12-21,Point of Sale - Interac RETAIL PURCHASE 000001653047 THAI EXPRESS,11.73,
2020-12-18,Point of Sale - Interac RETAIL PURCHASE 000001001538 LAZEEZ SHAWARMA,11.29,
2020-12-17,Point of Sale - Visa Debit VISA DEBIT RETAIL PURCHASE NETFLIX.COM 035293278464,14.83,
2020-12-14,Electronic Funds Transfer PREAUTHORIZED DEBIT Shareowner Investments,1200.00,
2020-12-14,Electronic Funds Transfer PREAUTHORIZED DEBIT Shareowner Investments,150.00,
2020-12-14,Point of Sale - Visa Debit INTL VISA DEB RETAIL PURCHASE Spotify P12939D 034900100952 10.59 CAD @ 1.000000,10.59,
2020-12-11,Electronic Funds Transfer PREAUTHORIZED DEBIT Shareowner Investments,10.00,
2020-12-09,Internet Banking E-TRANSFER 103201944880 George Bobotsis,49.00,
2020-12-08,Point of Sale - Interac RETAIL PURCHASE 034219495000 POPEYES # 10950,10.16,
2020-12-03,Point of Sale - Visa Debit VISA DEBIT PURCHASE REVERSAL PAYPAL*KHAN DAN 033811207482,,85.33
2020-12-03,Point of Sale - Interac RETAIL PURCHASE 000001277157 MCDONALD'S #403,2.09,
2020-12-03,Point of Sale - Interac RETAIL PURCHASE 000001001454 WALMART STORE #,65.95,
2020-12-02,Internet Banking E-TRANSFER 010221335744 DUNCAN E STEVENSON,,7.50
2020-12-02,Point of Sale - Interac RETAIL PURCHASE 033619133794 SHAWERMA PLUS,16.95,
2020-11-30,Branch Transaction SERVICE CHARGE DISCOUNT,,9.95
2020-11-30,Branch Transaction SERVICE CHARGE ADD TXN$5.00;MONTHLY$4.95 RECORD-KEEPING N/A,9.95,
2020-11-30,Point of Sale - Visa Debit VISA DEBIT RETAIL PURCHASE PAYPAL *AMERICA 033507380328,27.05,
2020-11-30,Point of Sale - Visa Debit INTL VISA DEB RETAIL PURCHASE HARRYS 888-212- 033420746346 9.04 CAD @ 1.000000,9.04,
2020-11-30,Point of Sale - Interac RETAIL PURCHASE 033319489083 HARVEY'S #00026,12.08,
2020-11-30,Internet Banking E-TRANSFER 103158583641 George Bobotsis,38.00,
2020-11-30,Point of Sale - Interac RETAIL PURCHASE 033219250985 SHAWERMA PLUS,10.00,
2020-11-24,Internet Banking INTERNET TRANSFER 000000247676,331.86,
2020-11-24,Point of Sale - Interac RETAIL PURCHASE 032821281111 HARVEY'S #00026,3.24,
2020-11-23,Internet Banking E-TRANSFER 103132243267 George Bobotsis,39.00,
2020-11-17,Point of Sale - Visa Debit VISA DEBIT RETAIL PURCHASE NETFLIX.COM 032291448905,14.83,
2020-11-16,Internet Banking E-TRANSFER 010232650317 ADNAN KHAN,,60.00
2020-11-16,Internet Banking E-TRANSFER 103105688046 George Bobotsis,40.00,
2020-11-16,Point of Sale - Visa Debit INTL VISA DEB RETAIL PURCHASE Spotify P122396 031900382800 5.29 CAD @ 1.000000,5.29,
2020-11-12,Point of Sale - Visa Debit INTL VISA DEB RETAIL PURCHASE Amazon.ca 031738743306 7.88 CAD @ 1.000000,7.88,
2020-11-09,Internet Banking E-TRANSFER 103081095876 George Bobotsis,40.00,
2020-11-05,Internet Banking E-TRANSFER 010208845342 CONNOR BUCK-O'NEILL,,33.00
2020-11-03,Point of Sale - Interac RETAIL PURCHASE 000078038586 FARAH'S FOODMAR,3.38,
2020-11-02,Internet Banking E-TRANSFER 010207426006 DUNCAN E STEVENSON,,13.55
2020-11-02,Internet Banking E-TRANSFER 010207445872 CONNOR BUCK-O'NEILL,,13.55
2020-11-02,Point of Sale - Interac RETAIL PURCHASE 030518658926 SHAWERMA PLUS,40.67,
2020-11-02,Internet Banking E-TRANSFER 103054511129 George Bobotsis,43.00,
2020-10-30,Branch Transaction SERVICE CHARGE DISCOUNT,,14.95
2020-10-30,Branch Transaction SERVICE CHARGE CAPPED MONTHLY FEE$14.95 RECORD-KEEPING N/A,14.95,
2020-10-30,Point of Sale - Visa Debit VISA DEBIT RETAIL PURCHASE PAYPAL *ISLAMIC 030406540208,50.00,
2020-10-28,Point of Sale - Visa Debit VISA DEBIT RETAIL PURCHASE Amazon.ca 030141455425,7.90,
2020-10-26,Internet Banking E-TRANSFER 103026554341 Connor Buck-ONeill,103.35,
2020-10-26,Internet Banking INTERNET TRANSFER 000000276017,66.34,
2020-10-26,Internet Banking E-TRANSFER 103026355976 George Bobotsis,37.00,
2020-10-23,Point of Sale - Interac RETAIL PURCHASE 000077002909 FARAH'S FOODMAR,4.51,
2020-10-21,Point of Sale - Interac RETAIL PURCHASE A3XQKYI20000 Subway 2969,5.64,
2020-10-19,Point of Sale - Visa Debit VISA DEBIT RETAIL PURCHASE Dollar Shave Cl 029301293736,11.86,
2020-10-19,Point of Sale - Interac RETAIL PURCHASE 029023178525 SHAWERMA PLUS,10.00,
2020-10-19,Internet Banking E-TRANSFER 010220735589 OREN KA-KIT LEUNG,,40.00
2020-10-19,Internet Banking E-TRANSFER 103003039933 George Bobotsis,24.00,
2020-10-19,Point of Sale - Visa Debit VISA DEBIT RETAIL PURCHASE NETFLIX.COM 029193132852,14.83,
2020-10-14,Point of Sale - Interac RETAIL PURCHASE 028722164689 MARBLE SLAB CRE,7.11,
2020-10-14,Point of Sale - Visa Debit INTL VISA DEB RETAIL PURCHASE Spotify P11B88C 028800159664 5.29 CAD @ 1.000000,5.29,
2020-10-13,Point of Sale - Visa Debit INTL VISA DEB RETAIL PURCHASE Amazon.ca 028737236867 13.55 CAD @ 1.000000,13.55,
2020-10-13,Point of Sale - Interac RETAIL PURCHASE 028517887099 SHAWERMA PLUS,10.00,
2020-10-13,Internet Banking E-TRANSFER 102981217045 George Bobotsis,36.00,
2020-10-13,Internet Banking E-TRANSFER 010198145162 MICHAEL LAPSHIN,,40.00
2020-10-08,Internet Banking E-TRANSFER 010217086335 DUNCAN E STEVENSON,,40.02
2020-10-07,Internet Banking E-TRANSFER 010197110870 SAMUEL REZNIKOV,,40.00
2020-10-06,Electronic Funds Transfer CREDIT MEMO UNIVERSITY OF WATERLOO,,500.00
2020-10-06,Internet Banking E-TRANSFER 102964368955 George Bobotsis,30.00,
2020-10-05,Point of Sale - Visa Debit VISA DEBIT RETAIL PURCHASE AMZN Mktp CA 027934128192,200.12,
2020-10-05,Internet Banking E-TRANSFER 102958870177 George Bobotsis,45.00,
2020-10-05,Point of Sale - Visa Debit INTL VISA DEB RETAIL PURCHASE Amazon.ca 027722993344 30.38 CAD @ 1.000000,30.38,
2020-10-02,Point of Sale - Interac RETAIL PURCHASE 027419302505 SHAWERMA PLUS,16.95,
2020-09-30,Branch Transaction SERVICE CHARGE DISCOUNT,,14.95
2020-09-30,Branch Transaction SERVICE CHARGE CAPPED MONTHLY FEE$14.95 RECORD-KEEPING N/A,14.95,
2020-09-30,Point of Sale - Visa Debit VISA DEBIT RETAIL PURCHASE UW PRINT + RETA 027415353341,2.25,
2020-09-28,Point of Sale - Visa Debit INTL VISA DEB RETAIL PURCHASE Amazon.ca 027113396209 7.90 CAD @ 1.000000,7.90,
2020-09-25,Electronic Funds Transfer PREAUTHORIZED DEBIT EQUITABLE BANK,1000.00,
2020-09-25,Electronic Funds Transfer DEPOSIT EQUITABLE BANK,,1000.00
2020-09-25,Point of Sale - Visa Debit VISA DEBIT PURCHASE REVERSAL AMZ*Satechi CA 226907004261,,45.19
2020-09-24,Point of Sale - Visa Debit VISA DEBIT PURCHASE REVERSAL MOZIO.COM * GO 226807004350,,30.00
2020-09-23,Point of Sale - Visa Debit VISA DEBIT RETAIL PURCHASE AMZN Mktp CA 026743043265,17.99,
2020-09-23,Internet Banking E-TRANSFER 010191401592 CONNOR BUCK-O'NEILL,,312.00
2020-09-22,Internet Banking INTERNET TRANSFER 000000234006,392.59,
2020-09-21,Point of Sale - Visa Debit VISA DEBIT RETAIL PURCHASE Amazon.ca 026543527399,7.77,
2020-09-21,Point of Sale - Visa Debit VISA DEBIT RETAIL PURCHASE AMZN Mktp CA 026542580762,45.19,
2020-09-21,Point of Sale - Visa Debit VISA DEBIT RETAIL PURCHASE Amazon.ca 026543485026,308.76,
2020-09-18,Internet Banking INTERNET TRANSFER 000000212279,200.00,
2020-09-17,Point of Sale - Visa Debit VISA DEBIT RETAIL PURCHASE NETFLIX.COM 026194232755,14.83,
2020-09-15,Point of Sale - Visa Debit VISA DEBIT PURCHASE REVERSAL PAYPAL *BESTSEL 225907009997,,44.96
2020-09-14,Point of Sale - Visa Debit INTL VISA DEB RETAIL PURCHASE Spotify P114C9E 025800388059 5.29 CAD @ 1.000000,5.29,
2020-09-11,Point of Sale - Visa Debit INTL VISA DEB RETAIL PURCHASE Amazon.ca 025539995034 73.44 CAD @ 1.000000,73.44,
2020-09-11,Electronic Funds Transfer PAY 10590265691 SHERWOOD CO-OPERATIVE ASSOCIAT,,96.38
2020-09-11,Electronic Funds Transfer PAY 10590265692 SHERWOOD CO-OPERATIVE ASSOCIAT,,265.21
2020-09-11,Internet Banking E-TRANSFER 010204065977 CONNOR BUCK-O'NEILL,,212.34
2020-09-08,Point of Sale - Visa Debit VISA DEBIT PURCHASE REVERSAL LEVI CANADA 225207004364,,33.00
2020-09-08,Point of Sale - Interac RETAIL PURCHASE 025018450479 SHAWERMA PLUS,10.00,
2020-09-08,Internet Banking E-TRANSFER 010201099009 MOHAMMED ABDALLAH,,45.69
2020-09-08,Point of Sale - Interac RETAIL PURCHASE 000001001302 UNIQLO EATON CT,33.50,
2020-09-08,Point of Sale - Interac RETAIL PURCHASE 000001053016 ABERCROMBIE F,13.56,
2020-09-08,Point of Sale - Interac RETAIL PURCHASE 025014156781 TIM HORTONS #55,4.20,
2020-09-08,Point of Sale - Interac RETAIL PURCHASE 000001807005 LIBERTY SHAWARM,12.08,
2020-09-08,Point of Sale - Interac RETAIL PURCHASE 025009986027 CN TOWER TICKET,132.21,
2020-09-08,Point of Sale - Interac RETAIL PURCHASE 025007066414 STARBUCKS #0430,5.37,
2020-09-08,Point of Sale - Visa Debit VISA DEBIT RETAIL PURCHASE AMZN Mktp CA 025033424769,45.19,
2020-09-08,Point of Sale - Visa Debit INTL VISA DEB RETAIL PURCHASE MOZIO COM * GO 024903351713 10.00 CAD @ 1.000000,10.00,
2020-09-08,Point of Sale - Visa Debit INTL VISA DEB RETAIL PURCHASE MOZIO COM * GO 024923761829 30.00 CAD @ 1.000000,30.00,
2020-09-08,Point of Sale - Interac MDSE RETURN 000001001251 WALMART STORE #,,11.27
2020-09-08,Point of Sale - Interac RETAIL PURCHASE 000001001881 WALMART STORE #,165.20,
2020-09-08,Internet Banking E-TRANSFER 102859989080 Danyal Khan,,112.95
2020-09-08,Point of Sale - Visa Debit VISA DEBIT RETAIL PURCHASE UW PRINT + RETA 024877863059,112.95,
2020-09-08,Internet Banking E-TRANSFER 102859221610 REHAN KHAN,,25.00
2020-09-04,Point of Sale - Visa Debit VISA DEBIT RETAIL PURCHASE AMZN Mktp CA 024742367568,25.98,
2020-09-03,Point of Sale - Interac RETAIL PURCHASE 000001278141 INDIA FOOD AND,2.00,
2020-09-02,Point of Sale - Interac RETAIL PURCHASE 000001001306 WALMART STORE #,114.23,
2020-09-02,Point of Sale - Interac RETAIL PURCHASE 024614040163 MARSHALLS 714,30.49,
2020-09-02,Point of Sale - Interac RETAIL PURCHASE 000001001548 DOLLARAMA # 803,59.43,
2020-09-01,Point of Sale - Interac RETAIL PURCHASE 024514767045 STARBUCKS #0430,15.09,
2020-09-01,Point of Sale - Visa Debit VISA DEBIT RETAIL PURCHASE AMZN Mktp CA 024533298651,13.99,
2020-09-01,Internet Banking E-TRANSFER 102842503764 Javeria Khan,14.00,
2020-09-01,Internet Banking E-TRANSFER 010195669327 JAVERIA KHAN,,14.00
2020-09-01,Internet Banking E-TRANSFER 102842488188 REHAN KHAN,,1000.00
2020-09-01,Point of Sale - Visa Debit VISA DEBIT RETAIL PURCHASE AIR CAN* 024471120218,31.50,
2020-08-31,Branch Transaction SERVICE CHARGE DISCOUNT,,14.95
2020-08-31,Branch Transaction SERVICE CHARGE CAPPED MONTHLY FEE$14.95 RECORD-KEEPING N/A,14.95,
2020-08-31,Electronic Funds Transfer PREAUTHORIZED DEBIT 000035703476433 FAMILY FITNESS,35.70,
2020-08-31,Internet Banking E-TRANSFER 010195303777 MAHRUKH MAHRUKH,,135.00
2020-08-31,Electronic Funds Transfer DEPOSIT EQUITABLE BANK,,72.19
2020-08-31,Point of Sale - Interac RETAIL PURCHASE 000001001028 PASSION SALON,21.00,
2020-08-31,Internet Banking INTERNET BILL PAY 000000233968 UNIVERSITY OF WATERLOO,1.00,
2020-08-31,Point of Sale - Interac RETAIL PURCHASE 024118803041 TIM HORTONS #65,2.98,
2020-08-28,Point of Sale - Interac RETAIL PURCHASE 000001015004 SUPREME OPTICAL,230.40,
2020-08-28,Internet Banking INTERNET TRANSFER 000000235440,96.68,
2020-08-28,Point of Sale - Visa Debit VISA DEBIT RETAIL PURCHASE UW PRINT + RETA 024172873808,72.19,
2020-08-28,Electronic Funds Transfer PAY 10589373282 SHERWOOD CO-OPERATIVE ASSOCIAT,,555.65
2020-08-25,Point of Sale - Interac RETAIL PURCHASE 000001723106 DAIRY QUEEN #27,5.55,
2020-08-24,Point of Sale - Interac RETAIL PURCHASE 000001001756 SHERWOOD CO-OP,11.06,
2020-08-19,Point of Sale - Visa Debit INT VISA DEB PURCHASE REVERSAL LEVI CANADA 022672733909 51.03 CAD @ 1.000000,,51.03
2020-08-19,Point of Sale - Visa Debit INTL VISA DEB RETAIL PURCHASE LEVI CANADA T20231269228 33.00 CAD @ 1.000000,33.00,
2020-08-18,Point of Sale - Interac RETAIL PURCHASE 000001001410 SHERWOOD CO-OP,4.65,
2020-08-18,Internet Banking E-TRANSFER 102794663375 Daddy,5.55,
2020-08-17,Electronic Funds Transfer PREAUTHORIZED DEBIT 000035707006435 FAMILY FITNESS,35.70,
2020-08-17,Point of Sale - Visa Debit VISA DEBIT RETAIL PURCHASE NETFLIX.COM 023092080882,14.83,
2020-08-17,Point of Sale - Interac RETAIL PURCHASE 000001001013 SHERWOOD CO-OP,6.11,
2020-08-17,Internet Banking E-TRANSFER 010186568996 JAVERIA KHAN,,5.00
2020-08-17,Point of Sale - Interac RETAIL PURCHASE 000001001235 SHERWOOD CO-OP,1.00,
2020-08-17,Point of Sale - Interac RETAIL PURCHASE 000001001138 SHERWOOD CO-OP,1.58,
2020-08-17,Point of Sale - Interac RETAIL PURCHASE 000001001917 SHERWOOD CO-OP,1.00,
2020-08-14,Electronic Funds Transfer PAY 10588529004 SHERWOOD CO-OPERATIVE ASSOCIAT,,701.62
2020-08-14,Point of Sale - Visa Debit INTL VISA DEB RETAIL PURCHASE Spotify P10E4CB 022700392532 5.29 CAD @ 1.000000,5.29,
2020-08-13,Point of Sale - Interac RETAIL PURCHASE 022616760906 TIM HORTONS #65,3.33,
2020-08-13,Point of Sale - Visa Debit VISA DEBIT RETAIL PURCHASE LEVI CANADA 022672733909,51.03,
2020-08-12,Point of Sale - Interac RETAIL PURCHASE 000001001809 SHERWOOD CO-OP,4.43,
2020-08-10,Point of Sale - Interac RETAIL PURCHASE 000001001918 SHERWOOD CO-OP,1.11,
2020-08-10,Point of Sale - Visa Debit VISA DEBIT RETAIL PURCHASE PAYPAL *BENCHCA 022103700212,97.66,
2020-08-07,Point of Sale - Visa Debit VISA DEBIT RETAIL PURCHASE PAYPAL *BESTSEL 022019541736,44.96,
2020-08-07,Point of Sale - Visa Debit VISA DEBIT RETAIL PURCHASE PAYPAL *BESTSEL 022017541811,13.32,
2020-08-07,Point of Sale - Interac RETAIL PURCHASE 000001001449 SHERWOOD CO-OP,2.29,
2020-08-06,Point of Sale - Visa Debit VISA DEBIT RETAIL PURCHASE Amazon.ca 021932169496,13.50,
2020-08-06,Point of Sale - Visa Debit VISA DEBIT RETAIL PURCHASE SP * SOFTWEARS 021908845166,33.00,
2020-08-04,Electronic Funds Transfer PREAUTHORIZED DEBIT 000035700180356 FAMILY FITNESS,35.70,
2020-08-04,Point of Sale - Interac RETAIL PURCHASE 000001001237 SHERWOOD CO-OP,2.29,
2020-08-04,Internet Banking INTERNET TRANSFER 000000257530,249.72,
2020-08-04,Point of Sale - Interac RETAIL PURCHASE 000001001748 SHERWOOD CO-OP,4.98,
2020-08-04,Point of Sale - Interac RETAIL PURCHASE 000001001466 SHERWOOD CO-OP,1.10,
2020-08-04,Point of Sale - Interac MDSE RETURN 000001001438 #158 ATMOSPHERE,,249.72
2020-08-04,Point of Sale - Interac RETAIL PURCHASE 021415889526 TIM HORTONS #65,4.44,
2020-08-04,Point of Sale - Interac RETAIL PURCHASE 000001001472 SHERWOOD CO-OP,1.10,
2020-08-04,Point of Sale - Interac RETAIL PURCHASE 000001693520 DAIRY QUEEN #27,5.55,
2020-08-04,Point of Sale - Interac RETAIL PURCHASE 000001699235 DAIRY QUEEN #27,6.90,
2020-07-31,Branch Transaction SERVICE CHARGE DISCOUNT,,14.95
2020-07-31,Branch Transaction SERVICE CHARGE CAPPED MONTHLY FEE$14.95 RECORD-KEEPING N/A,14.95,
2020-07-31,Point of Sale - Interac RETAIL PURCHASE 000001001267 SHERWOOD CO-OP,6.00,
2020-07-31,Electronic Funds Transfer PAY 10587653293 SHERWOOD CO-OPERATIVE ASSOCIAT,,0.85
2020-07-31,Electronic Funds Transfer PAY 10587653294 SHERWOOD CO-OPERATIVE ASSOCIAT,,572.90
2020-07-30,Point of Sale - Visa Debit CORRECTION PAYPAL *ATMOSPH 021217820946,,249.72
2020-07-30,Point of Sale - Visa Debit VISA DEBIT RETAIL PURCHASE PAYPAL *ATMOSPH 021217820946,249.72,
2020-07-30,Point of Sale - Interac RETAIL PURCHASE 000001001511 SHERWOOD CO-OP,4.99,
2020-07-29,Point of Sale - Interac RETAIL PURCHASE 000001001578 SHERWOOD CO-OP,1.46,
2020-07-28,Point of Sale - Interac RETAIL PURCHASE 000001001535 BLUE BIRD CAFE,6.60,
2020-07-27,Internet Banking E-TRANSFER 102721095119 REHAN KHAN,,117.00
2020-07-27,Internet Banking INTERNET TRANSFER 000000261532,185.00,
2020-07-27,Point of Sale - Interac RETAIL PURCHASE 000001001147 SHERWOOD CO-OP,1.11,
2020-07-27,Point of Sale - Visa Debit VISA DEBIT RETAIL PURCHASE PAYPAL *ATMOSPH 020816570375,249.72,
2020-07-27,Point of Sale - Interac RETAIL PURCHASE 000001001974 SHERWOOD CO-OP,4.29,
2020-07-27,Point of Sale - Interac RETAIL PURCHASE 000001001002 SHERWOOD CO-OP,10.00,
2020-07-23,Point of Sale - Interac RETAIL PURCHASE 000001001743 PASSION SALON,21.00,
2020-07-22,Internet Banking E-TRANSFER 010175808808 MAHRUKH MAHRUKH,,35.00
2020-07-21,Point of Sale - Interac RETAIL PURCHASE 000001001101 SHERWOOD CO-OP,4.43,
2020-07-20,Electronic Funds Transfer PREAUTHORIZED DEBIT 000035705047882 FAMILY FITNESS,35.70,
2020-07-20,Point of Sale - Interac RETAIL PURCHASE 020214572405 MARSHALLS 732,44.40,
2020-07-20,Point of Sale - Interac RETAIL PURCHASE 020114944018 TIM HORTONS #65,3.95,
2020-07-20,Point of Sale - Interac RETAIL PURCHASE 000001001196 SHERWOOD CO-OP,7.77,
2020-07-17,Point of Sale - Visa Debit VISA DEBIT RETAIL PURCHASE NETFLIX.COM 019991106789,14.83,
2020-07-17,Electronic Funds Transfer PAY 10586833036 SHERWOOD CO-OPERATIVE ASSOCIAT,,761.63
2020-07-16,Point of Sale - Interac RETAIL PURCHASE 000001001137 SHERWOOD CO-OP,1.43,
2020-07-15,Point of Sale - Visa Debit VISA DEBIT RETAIL PURCHASE AMZN Mktp CA 019744432677,8.99,
2020-07-15,Internet Banking INTERNET TRANSFER 000000283754,100.00,
2020-07-14,Internet Banking E-TRANSFER 010173005314 JAVERIA KHAN,,9.00
2020-07-14,Point of Sale - Interac RETAIL PURCHASE A51RZY610000 Subway 45627,9.09,
2020-07-14,Point of Sale - Interac RETAIL PURCHASE 019520526779 MARSHALLS 732,16.64,
2020-07-14,Point of Sale - Visa Debit VISA DEBIT RETAIL PURCHASE Spotify P1084A9 019600402957,5.29,
2020-07-13,Internet Banking E-TRANSFER 102674101930 REHAN KHAN,,576.00
2020-07-13,Internet Banking E-TRANSFER 010171982317 ADNAN KHAN,,28.00
2020-07-10,Point of Sale - Visa Debit VISA DEBIT RETAIL PURCHASE PAYPAL *GLOBAL- 019207330077,44.96,
2020-07-09,Point of Sale - Interac RETAIL PURCHASE 000001001413 SHERWOOD CO-OP,0.31,
2020-07-09,Point of Sale - Interac RETAIL PURCHASE 000001001831 SHERWOOD CO-OP,2.05,
2020-07-08,Point of Sale - Interac RETAIL PURCHASE 019017566899 FIVE GUYS BURGE,36.57,
2020-07-08,Point of Sale - Interac RETAIL PURCHASE 000001722229 LONDON DRUGS PO,17.47,
2020-07-07,Point of Sale - Visa Debit VISA DEBIT RETAIL PURCHASE PAYPAL *ESHOP N 018904762054,167.60,
2020-07-06,Point of Sale - Visa Debit VISA DEBIT RETAIL PURCHASE PAYPAL *SPORTCH 018700820755,106.55,
2020-07-06,Point of Sale - Interac RETAIL PURCHASE 000001001778 SHERWOOD CO-OP,6.09,
2020-07-06,Point of Sale - Interac RETAIL PURCHASE 000001001607 SHERWOOD CO-OP,3.00,
2020-07-06,Point of Sale - Interac RETAIL PURCHASE 000001001647 SHERWOOD CO-OP,4.29,
2020-07-03,Point of Sale - Interac RETAIL PURCHASE 000001001145 SHERWOOD CO-OP,1.11,
2020-07-03,Electronic Funds Transfer PAY 10586144936 SHERWOOD CO-OPERATIVE ASSOCIAT,,613.43
2020-07-02,Point of Sale - Visa Debit VISA DEBIT RETAIL PURCHASE CLEARLY CONTACT 018419828754,9.72,
2020-07-02,Point of Sale - Interac RETAIL PURCHASE 000001833644 MCDONALD S #930,20.51,
2020-07-02,Point of Sale - Interac RETAIL PURCHASE 000001001561 SHERWOOD CO-OP,1.11,
2020-07-02,Point of Sale - Visa Debit VISA DEBIT RETAIL PURCHASE Dollar Shave Cl 018301317701,11.66,
2020-06-30,Branch Transaction SERVICE CHARGE DISCOUNT,,14.95
2020-06-30,Branch Transaction SERVICE CHARGE CAPPED MONTHLY FEE$14.95 RECORD-KEEPING N/A,14.95,
2020-06-30,Internet Banking E-TRANSFER 010167083081 MAHRUKH MAHRUKH,,300.00
2020-06-29,Point of Sale - Interac RETAIL PURCHASE 000077003167 AEO CANADA CORP,66.57,
2020-06-29,Internet Banking INTERNET TRANSFER 000000255126,100.00,
2020-06-26,Internet Banking E-TRANSFER 010165600397 MAHRUKH MAHRUKH,,10.00
2020-06-26,Internet Banking E-TRANSFER 102617085558 Mum,10.00,
2020-06-25,Internet Banking INTERNET TRANSFER 000000287806,200.00,
2020-06-24,Internet Banking INTERNET TRANSFER 000000283120,100.00,
2020-06-22,Internet Banking INTERNET TRANSFER 000000274332,163.62,
2020-06-22,Internet Banking E-TRANSFER 010163624322 JAVERIA KHAN,,10.82
2020-06-19,Electronic Funds Transfer PAY 10585261770 SHERWOOD CO-OPERATIVE ASSOCIAT,,505.12
2020-06-19,Internet Banking E-TRANSFER 102595815623 Aidan Penny,20.00,
2020-06-18,Point of Sale - Interac RETAIL PURCHASE 000001713096 SHERWOOD CO-OP,5.62,
2020-06-17,Point of Sale - Visa Debit VISA DEBIT RETAIL PURCHASE NETFLIX.COM 016993258290,14.83,
2020-06-17,Internet Banking INTERNET TRANSFER 000000240045,200.00,
2020-06-17,Point of Sale - Interac RETAIL PURCHASE 000001001205 POPEYES,21.51,
2020-06-16,Electronic Funds Transfer PREAUTHORIZED DEBIT EQUITABLE BANK,500.00,
2020-06-15,Internet Banking INTERNET TRANSFER 000000217533,50.00,
2020-06-15,Internet Banking INTERNET TRANSFER 000000226036,100.00,
2020-06-15,Point of Sale - Visa Debit VISA DEBIT RETAIL PURCHASE UberBV 016622159619,7.57,
2020-06-15,Point of Sale - Visa Debit VISA DEBIT RETAIL PURCHASE Spotify P102135 016600395647,5.29,
2020-06-15,Internet Banking INTERNET DEPOSIT 000000229556,,500.00
2020-06-11,Point of Sale - Visa Debit VISA DEBIT RETAIL PURCHASE AMZN Mktp CA 016342095214,17.99,
2020-06-11,Internet Banking E-TRANSFER 102569788887 Jabreel Rana,500.00,
2020-06-11,Internet Banking INTERNET TRANSFER 000000239889,100.00,
2020-06-09,Internet Banking E-TRANSFER 010159606301 JAVERIA KHAN,,3.79
2020-06-05,Electronic Funds Transfer PAY 10584410313 SHERWOOD CO-OPERATIVE ASSOCIAT,,725.48
2020-06-05,Internet Banking E-TRANSFER 010158111078 JAVERIA KHAN,,3.09
2020-06-03,Internet Banking INTERNET TRANSFER 000000218306,200.00,
2020-06-01,Point of Sale - Visa Debit VISA DEBIT RETAIL PURCHASE TIM HORTONS APP 015373471973,5.00,
2020-06-01,Internet Banking E-TRANSFER 010155517485 JAVERIA KHAN,,15.49
2020-05-29,Branch Transaction SERVICE CHARGE DISCOUNT,,4.95
2020-05-29,Branch Transaction SERVICE CHARGE ADD TXN$0.00;MONTHLY$4.95 RECORD-KEEPING N/A,4.95,
2020-05-29,Internet Banking INTERNET TRANSFER 000000214430,100.00,
2020-05-26,Point of Sale - Visa Debit VISA DEBIT PURCHASE REVERSAL adidas Canada L 214707013630,,132.09
2020-05-25,Internet Banking E-TRANSFER 102509558896 Daddy,200.00,
2020-05-25,Internet Banking E-TRANSFER 102509099423 REHAN KHAN,,200.00
2020-05-25,Point of Sale - Interac MDSE RETURN 000001001123 #329 SPORT CHEK,,124.31
2020-05-25,Internet Banking E-TRANSFER 102505681203 REHAN KHAN,,185.00
2020-05-22,Internet Banking INTERNET TRANSFER 000000242196,310.81,
2020-05-22,Internet Banking INTERNET TRANSFER 000000218914,10.00,
2020-05-22,Electronic Funds Transfer PAY 10583903947 SHERWOOD CO-OPERATIVE ASSOCIAT,,670.91
2020-05-22,Electronic Funds Transfer PAY 10583903948 SHERWOOD CO-OPERATIVE ASSOCIAT,,189.55
2020-05-19,Point of Sale - Visa Debit VISA DEBIT RETAIL PURCHASE NETFLIX.COM 013893322039,14.83,
2020-05-14,Point of Sale - Visa Debit VISA DEBIT RETAIL PURCHASE adidas Canada L T20134003981,132.09,
2020-05-14,Point of Sale - Visa Debit VISA DEBIT RETAIL PURCHASE Spotify P0FB91F 013500235358,5.29,
2020-05-12,Point of Sale - Visa Debit VISA DEBIT PURCHASE REVERSAL AMZ*Lio4CAbaba 213307013489,,4.00
2020-05-08,Electronic Funds Transfer PAY 10583114977 SHERWOOD CO-OPERATIVE ASSOCIAT,,539.66
2020-05-05,Point of Sale - Interac RETAIL PURCHASE 000001001962 WAL-MART #3077,5.52,
2020-05-04,Point of Sale - Interac RETAIL PURCHASE 000001001578 KNIGHT ARCHER I,25.00,
2020-05-04,Point of Sale - Interac RETAIL PURCHASE 000001001177 SHERWOOD CO-OP,3.99,
2020-05-04,Internet Banking INTERNET DEPOSIT 000000280867,,13.45
2020-05-01,Point of Sale - Visa Debit VISA DEBIT PURCHASE REVERSAL ADIDAS CANADA L T20121626079,,132.09
2020-04-30,Branch Transaction SERVICE CHARGE DISCOUNT,,14.95
2020-04-30,Branch Transaction SERVICE CHARGE CAPPED MONTHLY FEE$14.95 RECORD-KEEPING N/A,14.95,
2020-04-29,Point of Sale - Interac RETAIL PURCHASE 000001001282 SHERWOOD CO-OP,1.11,
2020-04-27,Point of Sale - Interac RETAIL PURCHASE 000001001547 SHERWOOD CO-OP,1.00,
2020-04-27,Point of Sale - Interac RETAIL PURCHASE 000001001545 SHERWOOD CO-OP,9.98,
2020-04-24,Electronic Funds Transfer PAY 10582322578 SHERWOOD CO-OPERATIVE ASSOCIAT,,632.31
2020-04-23,Internet Banking E-TRANSFER 010141824970 JAVERIA KHAN,,3.00
2020-04-22,Point of Sale - Visa Debit VISA DEBIT RETAIL PURCHASE TIM HORTONS APP 011373695051,5.00,
2020-04-22,Internet Banking E-TRANSFER 010141288296 REHAN KHAN,,125.00
2020-04-22,Point of Sale - Visa Debit VISA DEBIT RETAIL PURCHASE SKIPTHEDISHES 011301808506,43.14,
2020-04-20,Point of Sale - Interac RETAIL PURCHASE 000001001383 SHERWOOD CO-OP,1.11,
2020-04-20,Point of Sale - Visa Debit VISA DEBIT RETAIL PURCHASE adidas Canada L 010903322009,132.09,
2020-04-17,Point of Sale - Visa Debit VISA DEBIT RETAIL PURCHASE NETFLIX.COM 010891052895,14.83,
2020-04-14,Point of Sale - Visa Debit VISA DEBIT RETAIL PURCHASE Spotify P0F54C5 010500226073,5.29,
2020-04-13,Point of Sale - Visa Debit VISA DEBIT RETAIL PURCHASE CLEARLY CONTACT 010202799573,5.88,
2020-04-13,Point of Sale - Visa Debit VISA DEBIT RETAIL PURCHASE SKIPTHEDISHES 010300855674,26.62,
2020-04-13,Internet Banking E-TRANSFER 010137879711 JAVERIA KHAN,,11.00
2020-04-13,Point of Sale - Interac RETAIL PURCHASE 000001001883 SHERWOOD CO-OP,1.11,
2020-04-13,Point of Sale - Interac RETAIL PURCHASE 000001001832 SHERWOOD CO-OP,4.00,
2020-04-09,Point of Sale - Visa Debit VISA DEBIT RETAIL PURCHASE LIGHTHOUSE PUBL 010015331481,26.20,
2020-04-09,Electronic Funds Transfer PAY 10581442882 SHERWOOD CO-OPERATIVE ASSOCIAT,,60.44
2020-04-09,Electronic Funds Transfer PAY 10581442883 SHERWOOD CO-OPERATIVE ASSOCIAT,,952.11
2020-04-08,Point of Sale - Visa Debit VISA DEBIT RETAIL PURCHASE Dollar Shave Cl 009915311661,11.66,
2020-04-08,Point of Sale - Interac RETAIL PURCHASE 000001001679 SHERWOOD CO-OP,3.89,
2020-04-07,Point of Sale - Interac RETAIL PURCHASE 000001001765 SHERWOOD CO-OP,2.54,
2020-04-06,Point of Sale - Interac RETAIL PURCHASE 000001001611 SHERWOOD CO-OP,3.00,
2020-04-06,Point of Sale - Interac RETAIL PURCHASE 000001001194 SHERWOOD CO-OP,5.83,
2020-04-06,Point of Sale - Visa Debit VISA DEBIT RETAIL PURCHASE SKIPTHEDISHES 009502103656,12.53,
2020-04-06,Point of Sale - Visa Debit CORRECTION SKIPTHEDISHES 009502446962,,8.51
2020-04-06,Point of Sale - Visa Debit VISA DEBIT RETAIL PURCHASE SKIPTHEDISHES 009502446962,8.51,
2020-04-06,Point of Sale - Interac RETAIL PURCHASE 000001001522 SHERWOOD CO-OP,2.29,
2020-04-02,Point of Sale - Interac RETAIL PURCHASE 000001001429 SHERWOOD CO-OP,4.98,
2020-03-31,Branch Transaction SERVICE CHARGE DISCOUNT,,12.45
2020-03-31,Branch Transaction SERVICE CHARGE ADD TXN$7.50;MONTHLY$4.95 RECORD-KEEPING N/A,12.45,
2020-03-30,Internet Banking E-TRANSFER 010133259119 ADNAN KHAN,,21.00
2020-03-30,Point of Sale - Interac RETAIL PURCHASE 000001001599 SHERWOOD CO-OP,2.95,
2020-03-30,Internet Banking E-TRANSFER 010132705909 REHAN KHAN,,35.00
2020-03-30,Point of Sale - Interac RETAIL PURCHASE 000001001564 SHERWOOD CO-OP,6.65,
2020-03-27,Electronic Funds Transfer PAY 10580591776 SHERWOOD CO-OPERATIVE ASSOCIAT,,507.09
2020-03-26,Point of Sale - Interac RETAIL PURCHASE 000001001779 SHERWOOD CO-OP,2.17,
2020-03-26,Point of Sale - Interac RETAIL PURCHASE 000001001216 SHERWOOD CO-OP,5.54,
2020-03-23,Point of Sale - Interac RETAIL PURCHASE 000001001647 SHERWOOD CO-OP,7.49,
2020-03-23,Point of Sale - Interac RETAIL PURCHASE 000001001114 SHERWOOD CO-OP,2.95,
2020-03-20,Point of Sale - Interac RETAIL PURCHASE 008016316228 TIM HORTONS #65,2.43,
2020-03-19,Internet Banking E-TRANSFER 010130236088 JAVERIA KHAN,,14.00
2020-03-19,Point of Sale - Visa Debit VISA DEBIT RETAIL PURCHASE SKIPTHEDISHES 007920011739,30.83,
2020-03-18,Point of Sale - Interac RETAIL PURCHASE 000001001847 SHERWOOD CO-OP,2.22,
2020-03-18,Point of Sale - Interac RETAIL PURCHASE 000001001346 SHERWOOD CO-OP,5.12,
2020-03-17,Point of Sale - Visa Debit VISA DEBIT RETAIL PURCHASE AMZN Mktp CA 007741109057,4.00,
2020-03-17,Point of Sale - Visa Debit VISA DEBIT RETAIL PURCHASE NETFLIX.COM 007792064362,14.83,
2020-03-16,Point of Sale - Interac RETAIL PURCHASE 007614023791 LIFETOUCH CANAD,30.00,
2020-03-16,Point of Sale - Interac RETAIL PURCHASE 000001001067 SHERWOOD CO-OP,2.95,
2020-03-16,Point of Sale - Interac RETAIL PURCHASE 000001001984 SHERWOOD CO-OP,0.99,
2020-03-16,Point of Sale - Visa Debit VISA DEBIT RETAIL PURCHASE Spotify P0EF0A8 007400226071,5.29,
2020-03-13,Electronic Funds Transfer PAY 10579671292 SHERWOOD CO-OPERATIVE ASSOCIAT,,93.13
2020-03-09,Internet Banking INTERNET DEPOSIT 000000219675,,26.53
2020-03-09,Point of Sale - Visa Debit VISA DEBIT PURCHASE REVERSAL UBERBV T20066653604,,10.80
2020-03-09,Internet Banking E-TRANSFER 102268866143 Neel A. Patel,25.00,
2020-03-05,Point of Sale - Interac RETAIL PURCHASE 178001001072 7-ELEVEN #24263,5.00,
2020-03-03,Internet Banking E-TRANSFER 010125805427 REHAN KHAN,,1.00
2020-03-03,Internet Banking E-TRANSFER 102257119984 REHAN KHAN,,108.00
2020-03-02,Point of Sale - Visa Debit VISA DEBIT RETAIL PURCHASE SKIPTHEDISHES 006001672691,23.06,
2020-02-28,Branch Transaction SERVICE CHARGE DISCOUNT,,14.95
2020-02-28,Branch Transaction SERVICE CHARGE CAPPED MONTHLY FEE$14.95 RECORD-KEEPING N/A,14.95,
2020-02-28,Point of Sale - Interac RETAIL PURCHASE 005808464548 TIM HORTONS #65,2.43,
2020-02-28,Point of Sale - Visa Debit VISA DEBIT RETAIL PURCHASE UberBV 005912228217,10.82,
2020-02-28,Electronic Funds Transfer PAY 10578682282 SHERWOOD CO-OPERATIVE ASSOCIAT,,165.65
2020-02-28,Point of Sale - Visa Debit VISA DEBIT RETAIL PURCHASE UberBV 005902224052,10.45,
2020-02-28,Point of Sale - Visa Debit VISA DEBIT RETAIL PURCHASE UberBV 005900159906,10.80,
2020-02-27,Point of Sale - Interac RETAIL PURCHASE 171001001060 7-ELEVEN #24263,3.53,
2020-02-24,Internet Banking E-TRANSFER 102233360996 REHAN KHAN,,30.00
2020-02-24,Point of Sale - Interac RETAIL PURCHASE 000001001360 SHERWOOD CO-OP,1.10,
2020-02-24,Point of Sale - Visa Debit VISA DEBIT RETAIL PURCHASE APPLE.COM/BILL 005361806486,9.98,
2020-02-20,Internet Banking E-TRANSFER 102224947035 Javeria Khan,4.00,
2020-02-19,Point of Sale - Interac RETAIL PURCHASE 000001142531 REGINA CABS DIS,20.00,
2020-02-18,Point of Sale - Interac RETAIL PURCHASE 004915536402 TIM HORTONS #65,2.09,
2020-02-18,Point of Sale - Visa Debit VISA DEBIT RETAIL PURCHASE UberBV 004819156378,7.89,
2020-02-18,Point of Sale - Visa Debit VISA DEBIT RETAIL PURCHASE NETFLIX.COM 004893406352,14.83,
2020-02-18,Point of Sale - Visa Debit VISA DEBIT RETAIL PURCHASE UberBV 004721142208,13.49,
2020-02-14,Electronic Funds Transfer PAY 10577677526 SHERWOOD CO-OPERATIVE ASSOCIAT,,154.90
2020-02-14,Point of Sale - Visa Debit VISA DEBIT RETAIL PURCHASE Spotify P0E92EB 004500151098,5.29,
2020-02-12,Branch Transaction CREDIT MEMO,,3.50
2020-02-06,Point of Sale - Visa Debit VISA DEBIT RETAIL PURCHASE Amazon.ca 003741576102,7.75,
2020-02-06,Internet Banking E-TRANSFER 102188429307 Neel A. Patel,10.00,
2020-02-05,Internet Banking E-TRANSFER 102186583037 Neel A. Patel,5.00,
2020-02-03,Point of Sale - Interac RETAIL PURCHASE 055001001035 PASSION SALON &,21.00,
2020-02-03,Point of Sale - Interac RETAIL PURCHASE 000001277014 MCDONALD'S #863,3.09,
2020-02-03,Internet Banking E-TRANSFER 102180643849 REHAN KHAN,,22.00
2020-02-03,Point of Sale - Visa Debit VISA DEBIT RETAIL PURCHASE AMZN Mktp CA 003341987260,8.60,
2020-02-03,Point of Sale - Interac RETAIL PURCHASE 003216733512 CINEPLEX #4108,6.31,
2020-02-03,Internet Banking E-TRANSFER 102175217782 Neel A. Patel,35.00,
2020-01-31,Branch Transaction SERVICE CHARGE DISCOUNT,,11.20
2020-01-31,Branch Transaction SERVICE CHARGE ADD TXN$6.25;MONTHLY$4.95 RECORD-KEEPING N/A,11.20,
2020-01-31,Point of Sale - Visa Debit VISA DEBIT RETAIL PURCHASE CINEPLEX #8030 003101150898,25.98,
2020-01-31,Electronic Funds Transfer PAY 10576704204 SHERWOOD CO-OPERATIVE ASSOCIAT,,96.98
2020-01-30,Point of Sale - Interac RETAIL PURCHASE 003019116834 SH VENDING80036,1.15,
2020-01-28,Point of Sale - Interac RETAIL PURCHASE 002720596112 TIM HORTONS #65,2.43,
2020-01-28,Point of Sale - Interac RETAIL PURCHASE 002718568085 TIM HORTONS #65,1.87,
2020-01-27,Point of Sale - Visa Debit VISA DEBIT PURCHASE REVERSAL AMZ*Amazon.ca 202707004460,,84.83
2020-01-27,Point of Sale - Visa Debit VISA DEBIT RETAIL PURCHASE UberBV 002621150710,13.80,
2020-01-22,Point of Sale - Visa Debit VISA DEBIT PURCHASE REVERSAL UBERBV T20021876090,,0.48
2020-01-20,Point of Sale - Interac RETAIL PURCHASE 002020112932 SH VENDING80036,1.15,
2020-01-20,Point of Sale - Visa Debit VISA DEBIT RETAIL PURCHASE Amazon.ca 002028787765,84.83,
2020-01-20,Point of Sale - Visa Debit VISA DEBIT RETAIL PURCHASE SKIPTHEDISHES 001919028851,16.28,
2020-01-20,Internet Banking E-TRANSFER STOP SC102142844647,3.50,
2020-01-20,Internet Banking E-TRANSFER STOP 102142844647,,210.00
2020-01-20,Internet Banking E-TRANSFER 102142838381 Ehsan,210.00,
2020-01-20,Point of Sale - Interac RETAIL PURCHASE 001819320890 TIM HORTONS #65,1.11,
2020-01-20,Point of Sale - Visa Debit VISA DEBIT RETAIL PURCHASE UberBV 001821224676,14.01,
2020-01-20,Internet Banking E-TRANSFER 102141139061 REHAN KHAN,,21.00
2020-01-17,Point of Sale - Visa Debit VISA DEBIT RETAIL PURCHASE NETFLIX.COM 001792252167,14.83,
2020-01-17,Electronic Funds Transfer PAY 10575795056 SHERWOOD CO-OPERATIVE ASSOCIAT,,133.03
2020-01-16,Point of Sale - Visa Debit VISA DEBIT PURCHASE REVERSAL APPLE.COM/CA 201607004714,,165.39
2020-01-14,Point of Sale - Visa Debit VISA DEBIT RETAIL PURCHASE UberBV 001120229213,14.01,
2020-01-14,Point of Sale - Visa Debit VISA DEBIT PURCHASE REVERSAL UberBV 001120229213,,13.53
2020-01-14,Point of Sale - Visa Debit VISA DEBIT RETAIL PURCHASE Spotify P0E352E 001400149255,5.29,
2020-01-13,Point of Sale - Visa Debit VISA DEBIT RETAIL PURCHASE UberBV 001120229213,0.48,
2020-01-13,Point of Sale - Visa Debit VISA DEBIT RETAIL PURCHASE UberBV 001120229213,13.53,
2020-01-09,Internet Banking FULFILL REQUEST 102118267877 DANYAL KHAN,20.00,
2020-01-06,Point of Sale - Visa Debit VISA DEBIT RETAIL PURCHASE Amazon.ca 000542716613,18.30,
2020-01-03,Point of Sale - Visa Debit VISA DEBIT RETAIL PURCHASE APPLE.COM/CA 000373866059,165.39,
2020-01-03,Electronic Funds Transfer PAY 10574827124 SHERWOOD CO-OPERATIVE ASSOCIAT,,444.78
2020-01-03,Point of Sale - Interac RETAIL PURCHASE 000001001950 SHERWOOD CO-OP,7.27,
2020-01-03,Point of Sale - Visa Debit VISA DEBIT RETAIL PURCHASE SKIPTHEDISHES 000223612163,21.39,
2019-12-31,Branch Transaction SERVICE CHARGE DISCOUNT,,4.95
2019-12-31,Branch Transaction SERVICE CHARGE ADD TXN$0.00;MONTHLY$4.95 RECORD-KEEPING N/A,4.95,
2019-12-31,Point of Sale - Interac RETAIL PURCHASE 936418976445 TIM HORTONS #65,1.87,
2019-12-30,Point of Sale - Interac RETAIL PURCHASE 936118920292 TIM HORTONS #65,3.43,
2019-12-27,Point of Sale - Interac RETAIL PURCHASE 936114799509 TIM HORTONS #65,5.97,
2019-12-23,Point of Sale - Visa Debit VISA DEBIT MERCHANDISE RET REV SKIPTHEDISHES 935500931284,3.66,
2019-12-23,Point of Sale - Visa Debit VISA DEBIT PURCHASE REVERSAL SKIPTHEDISHES 935500931284,,21.84
2019-12-23,Point of Sale - Visa Debit VISA DEBIT RETAIL PURCHASE SKIPTHEDISHES 935500931284,21.84,
2019-12-20,Electronic Funds Transfer PAY 10573832580 SHERWOOD CO-OPERATIVE ASSOCIAT,,136.72
2019-12-17,Point of Sale - Visa Debit VISA DEBIT RETAIL PURCHASE NETFLIX.COM 935193394588,14.83,
2019-12-17,Point of Sale - Visa Debit VISA DEBIT PURCHASE REVERSAL H&M ONLINE 135107010783,,36.93
2019-12-16,Point of Sale - Visa Debit VISA DEBIT PURCHASE REVERSAL Amazon.ca Prime 135007005230,,8.87
2019-12-16,Point of Sale - Interac RETAIL PURCHASE 000001001830 SHERWOOD CO-OP,4.43,
2019-12-16,Point of Sale - Interac RETAIL PURCHASE 000001001641 SHERWOOD CO-OP,1.10,
2019-12-16,Point of Sale - Visa Debit VISA DEBIT RETAIL PURCHASE Spotify P0DD658 934800402574,4.99,
2019-12-12,Point of Sale - Interac RETAIL PURCHASE 934620124716 SH VENDING80036,1.40,
2019-12-11,Point of Sale - Visa Debit VISA DEBIT RETAIL PURCHASE Amazon.ca Prime 934543324218,8.87,
2019-12-09,Point of Sale - Interac RETAIL PURCHASE 000001001748 SHERWOOD CO-OP,2.54,
2019-12-09,Point of Sale - Interac RETAIL PURCHASE 000001001699 SHERWOOD CO-OP,1.10,
2019-12-06,Electronic Funds Transfer PAY 10572799049 SHERWOOD CO-OPERATIVE ASSOCIAT,,116.26
2019-12-05,Internet Banking E-TRANSFER 102028221453 Neel A. Patel,35.00,
2019-12-05,Internet Banking E-TRANSFER 102026775062 REHAN KHAN,,45.00
2019-11-29,Branch Transaction SERVICE CHARGE DISCOUNT,,14.95
2019-11-29,Branch Transaction SERVICE CHARGE CAPPED MONTHLY FEE$14.95 RECORD-KEEPING N/A,14.95,
2019-11-25,Point of Sale - Visa Debit VISA DEBIT RETAIL PURCHASE APPLE.COM/BILL 932963481406,12.20,
2019-11-25,Point of Sale - Visa Debit VISA DEBIT RETAIL PURCHASE H&M ONLINE 932802487314,52.90,
2019-11-25,Point of Sale - Visa Debit VISA DEBIT RETAIL PURCHASE UberBV 932719146911,16.51,
2019-11-25,Point of Sale - Visa Debit VISA DEBIT RETAIL PURCHASE DAKINE.COM CAD 932604791064,60.20,
2019-11-25,Point of Sale - Visa Debit VISA DEBIT RETAIL PURCHASE AMZN Mktp CA 932733549457,173.13,
2019-11-22,Internet Banking E-TRANSFER 101990032490 Jabreel Rana,2.00,
2019-11-22,Internet Banking E-TRANSFER 101989032464 Daddy,200.00,
2019-11-22,Point of Sale - Visa Debit VISA DEBIT RETAIL PURCHASE Amazon.ca 932631227943,33.50,
2019-11-22,Electronic Funds Transfer PAY 10571796639 SHERWOOD CO-OPERATIVE ASSOCIAT,,347.81
2019-11-18,Point of Sale - Interac RETAIL PURCHASE 932220114573 SH VENDING80036,1.40,
2019-11-18,Point of Sale - Visa Debit VISA DEBIT RETAIL PURCHASE NETFLIX.COM 932191322269,14.83,
2019-11-15,Internet Banking E-TRANSFER 010097385356 ADNAN KHAN,,21.00
2019-11-14,Point of Sale - Interac RETAIL PURCHASE 931815299776 TIM HORTONS #65,2.43,
2019-11-14,Point of Sale - Visa Debit VISA DEBIT RETAIL PURCHASE Spotify P0D79DB 931800372357,9.99,
2019-11-13,Branch Transaction CREDIT MEMO,,5.02
2019-11-13,Point of Sale - Interac RETAIL PURCHASE 931716120482 SH VENDING80036,1.40,
2019-11-12,Point of Sale - Visa Debit VISA DEBIT RETAIL PURCHASE LONDON DRUGS ON 931501966470,11.09,
2019-11-12,Point of Sale - Visa Debit CORRECTION Spotify 931507221985,,0.99
2019-11-12,Point of Sale - Visa Debit VISA DEBIT RETAIL PURCHASE Spotify 931507221985,0.99,
2019-11-12,Point of Sale - Visa Debit VISA DEBIT RETAIL PURCHASE AMZN Mktp CA 931543355171,30.99,
2019-11-12,Internet Banking E-TRANSFER 101957122694 Daddy,375.00,
2019-11-12,Point of Sale - Visa Debit VISA DEBIT RETAIL PURCHASE UOFA REGISTRAR' 931223700597,125.00,
2019-11-08,Point of Sale - Interac RETAIL PURCHASE 931215768839 TIM HORTONS #65,2.43,
2019-11-08,Electronic Funds Transfer PAY 10570830323 SHERWOOD CO-OPERATIVE ASSOCIAT,,282.01
2019-11-07,Internet Banking E-TRANSFER 101950487410 REHAN KHAN,,338.87
2019-11-07,Point of Sale - Visa Debit VISA DEBIT RETAIL PURCHASE IELTS EXAM EURO 931105676388,338.87,
2019-11-06,Point of Sale - Interac RETAIL PURCHASE 454001001041 PASSION SALON &,21.00,
2019-11-04,Point of Sale - Interac RETAIL PURCHASE 000001001104 SHERWOOD CO-OP,4.06,
2019-11-04,Point of Sale - Interac RETAIL PURCHASE 000001001380 SHERWOOD CO-OP,5.00,
2019-11-04,Point of Sale - Interac RETAIL PURCHASE 000001001123 SHERWOOD CO-OP,2.20,
2019-11-04,Point of Sale - Interac RETAIL PURCHASE 000001001857 SHERWOOD CO-OP,1.10,
2019-10-31,Branch Transaction OVERDRAFT INTEREST CHARGE,0.02,
2019-10-31,Branch Transaction OVERDRAFT FEE,5.00,
2019-10-31,Branch Transaction SERVICE CHARGE DISCOUNT,,4.95
2019-10-31,Branch Transaction SERVICE CHARGE,4.95,
2019-10-31,Point of Sale - Interac RETAIL PURCHASE 930421124738 SH VENDING80036,1.15,
2019-10-31,Point of Sale - Interac RETAIL PURCHASE 930416120681 SH VENDING80036,1.40,
2019-10-31,Point of Sale - Visa Debit CORRECTION Spotify 930404386514,,0.99
2019-10-31,Point of Sale - Visa Debit VISA DEBIT RETAIL PURCHASE Spotify 930404386514,0.99,
2019-10-29,Point of Sale - Interac RETAIL PURCHASE 000025007186 CHARTWELLS-REGI,4.05,
2019-10-29,Internet Banking E-TRANSFER 010093216746 DANYAL KHAN,,100.00
2019-10-28,Internet Banking E-TRANSFER 010092964280 DANYAL KHAN,,100.00
2019-10-28,Point of Sale - Interac RETAIL PURCHASE 000001001816 SHERWOOD CO-OP,1.99,
2019-10-28,Internet Banking E-TRANSFER 010092767170 DANYAL KHAN,,100.00
2019-10-28,Point of Sale - Interac RETAIL PURCHASE 000001001552 SHERWOOD CO-OP,2.98,
2019-10-28,Point of Sale - Interac RETAIL PURCHASE 000001001487 SHERWOOD CO-OP,10.60,
2019-10-28,Internet Banking E-TRANSFER 010092307509 DANYAL KHAN,,100.00
2019-10-28,Point of Sale - Interac RETAIL PURCHASE 000001001393 SHERWOOD CO-OP,1.10,
2019-10-28,Point of Sale - Visa Debit VISA DEBIT RETAIL PURCHASE SKIPTHEDISHES 929900634574,22.93,
2019-10-25,Internet Banking E-TRANSFER 010092396906 DANYAL KHAN,,100.00
2019-10-23,Internet Banking E-TRANSFER 010091730238 DANYAL KHAN,,50.00
2019-10-23,Internet Banking E-TRANSFER 101908575516 DANYAL KHAN,,50.00
2019-10-22,Point of Sale - Interac RETAIL PURCHASE 000001001704 WAL-MART #3077,33.49,
